{"loss": 1.6094433069229126, "acc": 0.19871795177459717, "time_this_iter_s": 148.1359076499939, "done": false, "timesteps_total": null, "episodes_total": null, "training_iteration": 1, "experiment_id": "75435c91c01a47ddb08481d111db5d4e", "date": "2020-12-13_13-27-13", "timestamp": 1607866033, "time_total_s": 148.1359076499939, "pid": 1898, "hostname": "fa14b89d8e82", "node_ip": "172.28.0.2", "config": {"lr": 6.026889128682526e-06, "max_seq_length": 32, "hidden_dropout_prob": 0.3, "hidden_act": "relu", "architecture": {"tokenizer": "<class 'transformers.tokenization_albert.AlbertTokenizer'>", "model": "<class 'transformers.modeling_albert.AlbertForMultipleChoice'>", "pretrained_model_name": "albert-base-v2"}}, "time_since_restore": 148.1359076499939, "timesteps_since_restore": 0, "iterations_since_restore": 1, "trial_id": "bd9b2_00004", "experiment_tag": "4_hidden_act=relu,hidden_dropout_prob=0.3,lr=6.0269e-06,max_seq_length=32"}
{"loss": 1.609417200088501, "acc": 0.20112179219722748, "time_this_iter_s": 129.7462136745453, "done": false, "timesteps_total": null, "episodes_total": null, "training_iteration": 2, "experiment_id": "75435c91c01a47ddb08481d111db5d4e", "date": "2020-12-13_13-29-22", "timestamp": 1607866162, "time_total_s": 277.8821213245392, "pid": 1898, "hostname": "fa14b89d8e82", "node_ip": "172.28.0.2", "config": {"lr": 6.026889128682526e-06, "max_seq_length": 32, "hidden_dropout_prob": 0.3, "hidden_act": "relu", "architecture": {"tokenizer": "<class 'transformers.tokenization_albert.AlbertTokenizer'>", "model": "<class 'transformers.modeling_albert.AlbertForMultipleChoice'>", "pretrained_model_name": "albert-base-v2"}}, "time_since_restore": 277.8821213245392, "timesteps_since_restore": 0, "iterations_since_restore": 2, "trial_id": "bd9b2_00004", "experiment_tag": "4_hidden_act=relu,hidden_dropout_prob=0.3,lr=6.0269e-06,max_seq_length=32"}
{"loss": 1.609423041343689, "acc": 0.19711539149284363, "time_this_iter_s": 128.8071780204773, "done": false, "timesteps_total": null, "episodes_total": null, "training_iteration": 3, "experiment_id": "75435c91c01a47ddb08481d111db5d4e", "date": "2020-12-13_13-31-31", "timestamp": 1607866291, "time_total_s": 406.6892993450165, "pid": 1898, "hostname": "fa14b89d8e82", "node_ip": "172.28.0.2", "config": {"lr": 6.026889128682526e-06, "max_seq_length": 32, "hidden_dropout_prob": 0.3, "hidden_act": "relu", "architecture": {"tokenizer": "<class 'transformers.tokenization_albert.AlbertTokenizer'>", "model": "<class 'transformers.modeling_albert.AlbertForMultipleChoice'>", "pretrained_model_name": "albert-base-v2"}}, "time_since_restore": 406.6892993450165, "timesteps_since_restore": 0, "iterations_since_restore": 3, "trial_id": "bd9b2_00004", "experiment_tag": "4_hidden_act=relu,hidden_dropout_prob=0.3,lr=6.0269e-06,max_seq_length=32"}
