{"loss": 1.364642858505249, "acc": 0.4469551146030426, "time_this_iter_s": 484.1843354701996, "done": false, "timesteps_total": null, "episodes_total": null, "training_iteration": 1, "experiment_id": "6dba797ff1454d8a9905189bcd9c371c", "date": "2020-12-14_01-26-19", "timestamp": 1607909179, "time_total_s": 484.1843354701996, "pid": 2657, "hostname": "558a83bc69cd", "node_ip": "172.28.0.2", "config": {"lr": 2.051338263087453e-06, "batch_size": 32, "max_seq_length": 60, "hidden_dropout_prob": 0.1, "hidden_act": "gelu", "architecture": {"tokenizer": "<class 'transformers.tokenization_bert.BertTokenizer'>", "model": "<class 'transformers.modeling_bert.BertForMultipleChoice'>", "pretrained_model_name": "bert-base-uncased"}}, "time_since_restore": 484.1843354701996, "timesteps_since_restore": 0, "iterations_since_restore": 1, "trial_id": "91eca_00004", "experiment_tag": "4_batch_size=32,hidden_act=gelu,hidden_dropout_prob=0.1,lr=2.0513e-06,max_seq_length=60"}
{"loss": 1.2843784093856812, "acc": 0.49214744567871094, "time_this_iter_s": 446.1163818836212, "done": false, "timesteps_total": null, "episodes_total": null, "training_iteration": 2, "experiment_id": "6dba797ff1454d8a9905189bcd9c371c", "date": "2020-12-14_01-33-46", "timestamp": 1607909626, "time_total_s": 930.3007173538208, "pid": 2657, "hostname": "558a83bc69cd", "node_ip": "172.28.0.2", "config": {"lr": 2.051338263087453e-06, "batch_size": 32, "max_seq_length": 60, "hidden_dropout_prob": 0.1, "hidden_act": "gelu", "architecture": {"tokenizer": "<class 'transformers.tokenization_bert.BertTokenizer'>", "model": "<class 'transformers.modeling_bert.BertForMultipleChoice'>", "pretrained_model_name": "bert-base-uncased"}}, "time_since_restore": 930.3007173538208, "timesteps_since_restore": 0, "iterations_since_restore": 2, "trial_id": "91eca_00004", "experiment_tag": "4_batch_size=32,hidden_act=gelu,hidden_dropout_prob=0.1,lr=2.0513e-06,max_seq_length=60"}
{"loss": 1.2406816482543945, "acc": 0.5121794939041138, "time_this_iter_s": 445.7504405975342, "done": false, "timesteps_total": null, "episodes_total": null, "training_iteration": 3, "experiment_id": "6dba797ff1454d8a9905189bcd9c371c", "date": "2020-12-14_01-41-11", "timestamp": 1607910071, "time_total_s": 1376.051157951355, "pid": 2657, "hostname": "558a83bc69cd", "node_ip": "172.28.0.2", "config": {"lr": 2.051338263087453e-06, "batch_size": 32, "max_seq_length": 60, "hidden_dropout_prob": 0.1, "hidden_act": "gelu", "architecture": {"tokenizer": "<class 'transformers.tokenization_bert.BertTokenizer'>", "model": "<class 'transformers.modeling_bert.BertForMultipleChoice'>", "pretrained_model_name": "bert-base-uncased"}}, "time_since_restore": 1376.051157951355, "timesteps_since_restore": 0, "iterations_since_restore": 3, "trial_id": "91eca_00004", "experiment_tag": "4_batch_size=32,hidden_act=gelu,hidden_dropout_prob=0.1,lr=2.0513e-06,max_seq_length=60"}
