{"loss": 1.0865418910980225, "acc": 0.5792483687400818, "time_this_iter_s": 1227.5284616947174, "done": false, "timesteps_total": null, "episodes_total": null, "training_iteration": 1, "experiment_id": "8fdf1cc7617d49f4be0655e3a082f9a6", "date": "2020-12-13_22-25-58", "timestamp": 1607898358, "time_total_s": 1227.5284616947174, "pid": 488, "hostname": "f8cefdf9654a", "node_ip": "172.28.0.2", "config": {"lr": 5.61151641533451e-06, "batch_size": 4, "max_seq_length": 32, "hidden_dropout_prob": 0.2, "hidden_act": "gelu", "architecture": {"tokenizer": "<class 'transformers.tokenization_bert.BertTokenizer'>", "model": "<class 'transformers.modeling_bert.BertForMultipleChoice'>", "pretrained_model_name": "bert-large-uncased"}}, "time_since_restore": 1227.5284616947174, "timesteps_since_restore": 0, "iterations_since_restore": 1, "trial_id": "4ed70_00000", "experiment_tag": "0_batch_size=4,hidden_act=gelu,hidden_dropout_prob=0.2,lr=5.6115e-06,max_seq_length=32"}
