{"loss": 1.609437108039856, "acc": 0.20016026496887207, "time_this_iter_s": 92.49766635894775, "done": false, "timesteps_total": null, "episodes_total": null, "training_iteration": 1, "experiment_id": "a6b95628ccfd4d718fbc1c22396e0734", "date": "2020-12-13_13-08-34", "timestamp": 1607864914, "time_total_s": 92.49766635894775, "pid": 528, "hostname": "fa14b89d8e82", "node_ip": "172.28.0.2", "config": {"lr": 0.056698495114788576, "max_seq_length": 16, "hidden_dropout_prob": 0.5, "hidden_act": "relu", "architecture": {"tokenizer": "<class 'transformers.tokenization_albert.AlbertTokenizer'>", "model": "<class 'transformers.modeling_albert.AlbertForMultipleChoice'>", "pretrained_model_name": "albert-base-v2"}}, "time_since_restore": 92.49766635894775, "timesteps_since_restore": 0, "iterations_since_restore": 1, "trial_id": "bd9b2_00001", "experiment_tag": "1_hidden_act=relu,hidden_dropout_prob=0.5,lr=0.056698,max_seq_length=16"}
{"loss": 1.609437108039856, "acc": 0.20016026496887207, "time_this_iter_s": 75.76498508453369, "done": false, "timesteps_total": null, "episodes_total": null, "training_iteration": 2, "experiment_id": "a6b95628ccfd4d718fbc1c22396e0734", "date": "2020-12-13_13-09-50", "timestamp": 1607864990, "time_total_s": 168.26265144348145, "pid": 528, "hostname": "fa14b89d8e82", "node_ip": "172.28.0.2", "config": {"lr": 0.056698495114788576, "max_seq_length": 16, "hidden_dropout_prob": 0.5, "hidden_act": "relu", "architecture": {"tokenizer": "<class 'transformers.tokenization_albert.AlbertTokenizer'>", "model": "<class 'transformers.modeling_albert.AlbertForMultipleChoice'>", "pretrained_model_name": "albert-base-v2"}}, "time_since_restore": 168.26265144348145, "timesteps_since_restore": 0, "iterations_since_restore": 2, "trial_id": "bd9b2_00001", "experiment_tag": "1_hidden_act=relu,hidden_dropout_prob=0.5,lr=0.056698,max_seq_length=16"}
{"loss": 1.609437108039856, "acc": 0.20016026496887207, "time_this_iter_s": 74.5853590965271, "done": false, "timesteps_total": null, "episodes_total": null, "training_iteration": 3, "experiment_id": "a6b95628ccfd4d718fbc1c22396e0734", "date": "2020-12-13_13-11-05", "timestamp": 1607865065, "time_total_s": 242.84801054000854, "pid": 528, "hostname": "fa14b89d8e82", "node_ip": "172.28.0.2", "config": {"lr": 0.056698495114788576, "max_seq_length": 16, "hidden_dropout_prob": 0.5, "hidden_act": "relu", "architecture": {"tokenizer": "<class 'transformers.tokenization_albert.AlbertTokenizer'>", "model": "<class 'transformers.modeling_albert.AlbertForMultipleChoice'>", "pretrained_model_name": "albert-base-v2"}}, "time_since_restore": 242.84801054000854, "timesteps_since_restore": 0, "iterations_since_restore": 3, "trial_id": "bd9b2_00001", "experiment_tag": "1_hidden_act=relu,hidden_dropout_prob=0.5,lr=0.056698,max_seq_length=16"}
