{"loss": 1.609437108039856, "acc": 0.20016026496887207, "time_this_iter_s": 111.12675356864929, "done": false, "timesteps_total": null, "episodes_total": null, "training_iteration": 1, "experiment_id": "91cf9b4f7325473cacd0aeee1728737a", "date": "2020-12-13_06-53-55", "timestamp": 1607860435, "time_total_s": 111.12675356864929, "pid": 871045, "hostname": "archdesktop", "node_ip": "192.168.0.191", "config": {"lr": 0.004570563099801456, "max_seq_length": 32, "hidden_dropout_prob": 0.1, "hidden_act": "relu"}, "time_since_restore": 111.12675356864929, "timesteps_since_restore": 0, "iterations_since_restore": 1, "trial_id": "4873e_00002", "experiment_tag": "2_hidden_act=relu,hidden_dropout_prob=0.1,lr=0.0045706,max_seq_length=32"}
{"loss": 1.609437108039856, "acc": 0.20016026496887207, "time_this_iter_s": 86.95543789863586, "done": false, "timesteps_total": null, "episodes_total": null, "training_iteration": 2, "experiment_id": "91cf9b4f7325473cacd0aeee1728737a", "date": "2020-12-13_06-55-22", "timestamp": 1607860522, "time_total_s": 198.08219146728516, "pid": 871045, "hostname": "archdesktop", "node_ip": "192.168.0.191", "config": {"lr": 0.004570563099801456, "max_seq_length": 32, "hidden_dropout_prob": 0.1, "hidden_act": "relu"}, "time_since_restore": 198.08219146728516, "timesteps_since_restore": 0, "iterations_since_restore": 2, "trial_id": "4873e_00002", "experiment_tag": "2_hidden_act=relu,hidden_dropout_prob=0.1,lr=0.0045706,max_seq_length=32"}
{"loss": 1.609437108039856, "acc": 0.20016026496887207, "time_this_iter_s": 85.01491689682007, "done": false, "timesteps_total": null, "episodes_total": null, "training_iteration": 3, "experiment_id": "91cf9b4f7325473cacd0aeee1728737a", "date": "2020-12-13_06-56-47", "timestamp": 1607860607, "time_total_s": 283.0971083641052, "pid": 871045, "hostname": "archdesktop", "node_ip": "192.168.0.191", "config": {"lr": 0.004570563099801456, "max_seq_length": 32, "hidden_dropout_prob": 0.1, "hidden_act": "relu"}, "time_since_restore": 283.0971083641052, "timesteps_since_restore": 0, "iterations_since_restore": 3, "trial_id": "4873e_00002", "experiment_tag": "2_hidden_act=relu,hidden_dropout_prob=0.1,lr=0.0045706,max_seq_length=32"}
