{"loss": 1.609284520149231, "acc": 0.22371795773506165, "time_this_iter_s": 110.07711696624756, "done": false, "timesteps_total": null, "episodes_total": null, "training_iteration": 1, "experiment_id": "e95ab201273d486398f2c7cb5abdf713", "date": "2020-12-13_07-03-24", "timestamp": 1607861004, "time_total_s": 110.07711696624756, "pid": 871048, "hostname": "archdesktop", "node_ip": "192.168.0.191", "config": {"lr": 6.026889128682526e-06, "max_seq_length": 32, "hidden_dropout_prob": 0.3, "hidden_act": "relu"}, "time_since_restore": 110.07711696624756, "timesteps_since_restore": 0, "iterations_since_restore": 1, "trial_id": "4873e_00004", "experiment_tag": "4_hidden_act=relu,hidden_dropout_prob=0.3,lr=6.0269e-06,max_seq_length=32"}
{"loss": 1.6089915037155151, "acc": 0.25064101815223694, "time_this_iter_s": 86.05525660514832, "done": false, "timesteps_total": null, "episodes_total": null, "training_iteration": 2, "experiment_id": "e95ab201273d486398f2c7cb5abdf713", "date": "2020-12-13_07-04-50", "timestamp": 1607861090, "time_total_s": 196.13237357139587, "pid": 871048, "hostname": "archdesktop", "node_ip": "192.168.0.191", "config": {"lr": 6.026889128682526e-06, "max_seq_length": 32, "hidden_dropout_prob": 0.3, "hidden_act": "relu"}, "time_since_restore": 196.13237357139587, "timesteps_since_restore": 0, "iterations_since_restore": 2, "trial_id": "4873e_00004", "experiment_tag": "4_hidden_act=relu,hidden_dropout_prob=0.3,lr=6.0269e-06,max_seq_length=32"}
{"loss": 1.608521819114685, "acc": 0.2754807472229004, "time_this_iter_s": 84.3888852596283, "done": false, "timesteps_total": null, "episodes_total": null, "training_iteration": 3, "experiment_id": "e95ab201273d486398f2c7cb5abdf713", "date": "2020-12-13_07-06-15", "timestamp": 1607861175, "time_total_s": 280.52125883102417, "pid": 871048, "hostname": "archdesktop", "node_ip": "192.168.0.191", "config": {"lr": 6.026889128682526e-06, "max_seq_length": 32, "hidden_dropout_prob": 0.3, "hidden_act": "relu"}, "time_since_restore": 280.52125883102417, "timesteps_since_restore": 0, "iterations_since_restore": 3, "trial_id": "4873e_00004", "experiment_tag": "4_hidden_act=relu,hidden_dropout_prob=0.3,lr=6.0269e-06,max_seq_length=32"}
