{"loss": 1.6094070672988892, "acc": 0.20673076808452606, "time_this_iter_s": 211.6324646472931, "done": false, "timesteps_total": null, "episodes_total": null, "training_iteration": 1, "experiment_id": "b73cd9f84d4b4eeab0801bbdf6270ccd", "date": "2020-12-13_13-00-57", "timestamp": 1607864457, "time_total_s": 211.6324646472931, "pid": 529, "hostname": "fa14b89d8e82", "node_ip": "172.28.0.2", "config": {"lr": 7.45934328572655e-05, "max_seq_length": 48, "hidden_dropout_prob": 0.1, "hidden_act": "gelu", "architecture": {"tokenizer": "<class 'transformers.tokenization_albert.AlbertTokenizer'>", "model": "<class 'transformers.modeling_albert.AlbertForMultipleChoice'>", "pretrained_model_name": "albert-base-v2"}}, "time_since_restore": 211.6324646472931, "timesteps_since_restore": 0, "iterations_since_restore": 1, "trial_id": "bd9b2_00000", "experiment_tag": "0_hidden_act=gelu,hidden_dropout_prob=0.1,lr=7.4593e-05,max_seq_length=48"}
{"loss": 1.6093283891677856, "acc": 0.2519230842590332, "time_this_iter_s": 180.9001166820526, "done": false, "timesteps_total": null, "episodes_total": null, "training_iteration": 2, "experiment_id": "b73cd9f84d4b4eeab0801bbdf6270ccd", "date": "2020-12-13_13-03-57", "timestamp": 1607864637, "time_total_s": 392.5325813293457, "pid": 529, "hostname": "fa14b89d8e82", "node_ip": "172.28.0.2", "config": {"lr": 7.45934328572655e-05, "max_seq_length": 48, "hidden_dropout_prob": 0.1, "hidden_act": "gelu", "architecture": {"tokenizer": "<class 'transformers.tokenization_albert.AlbertTokenizer'>", "model": "<class 'transformers.modeling_albert.AlbertForMultipleChoice'>", "pretrained_model_name": "albert-base-v2"}}, "time_since_restore": 392.5325813293457, "timesteps_since_restore": 0, "iterations_since_restore": 2, "trial_id": "bd9b2_00000", "experiment_tag": "0_hidden_act=gelu,hidden_dropout_prob=0.1,lr=7.4593e-05,max_seq_length=48"}
{"loss": 1.6094837188720703, "acc": 0.19262820482254028, "time_this_iter_s": 180.92226600646973, "done": false, "timesteps_total": null, "episodes_total": null, "training_iteration": 3, "experiment_id": "b73cd9f84d4b4eeab0801bbdf6270ccd", "date": "2020-12-13_13-06-58", "timestamp": 1607864818, "time_total_s": 573.4548473358154, "pid": 529, "hostname": "fa14b89d8e82", "node_ip": "172.28.0.2", "config": {"lr": 7.45934328572655e-05, "max_seq_length": 48, "hidden_dropout_prob": 0.1, "hidden_act": "gelu", "architecture": {"tokenizer": "<class 'transformers.tokenization_albert.AlbertTokenizer'>", "model": "<class 'transformers.modeling_albert.AlbertForMultipleChoice'>", "pretrained_model_name": "albert-base-v2"}}, "time_since_restore": 573.4548473358154, "timesteps_since_restore": 0, "iterations_since_restore": 3, "trial_id": "bd9b2_00000", "experiment_tag": "0_hidden_act=gelu,hidden_dropout_prob=0.1,lr=7.4593e-05,max_seq_length=48"}
