{"loss": 1.609437108039856, "acc": 0.1875, "time_this_iter_s": 112.31090569496155, "done": false, "timesteps_total": null, "episodes_total": null, "training_iteration": 1, "experiment_id": "2a0ee05695204ed09b6bab798cf15f82", "date": "2020-12-13_06-58-41", "timestamp": 1607860721, "time_total_s": 112.31090569496155, "pid": 871049, "hostname": "archdesktop", "node_ip": "192.168.0.191", "config": {"lr": 0.0009846738873614575, "max_seq_length": 32, "hidden_dropout_prob": 0.1, "hidden_act": "relu"}, "time_since_restore": 112.31090569496155, "timesteps_since_restore": 0, "iterations_since_restore": 1, "trial_id": "4873e_00003", "experiment_tag": "3_hidden_act=relu,hidden_dropout_prob=0.1,lr=0.00098467,max_seq_length=32"}
{"loss": 1.6094378232955933, "acc": 0.19775640964508057, "time_this_iter_s": 86.4900598526001, "done": false, "timesteps_total": null, "episodes_total": null, "training_iteration": 2, "experiment_id": "2a0ee05695204ed09b6bab798cf15f82", "date": "2020-12-13_07-00-07", "timestamp": 1607860807, "time_total_s": 198.80096554756165, "pid": 871049, "hostname": "archdesktop", "node_ip": "192.168.0.191", "config": {"lr": 0.0009846738873614575, "max_seq_length": 32, "hidden_dropout_prob": 0.1, "hidden_act": "relu"}, "time_since_restore": 198.80096554756165, "timesteps_since_restore": 0, "iterations_since_restore": 2, "trial_id": "4873e_00003", "experiment_tag": "3_hidden_act=relu,hidden_dropout_prob=0.1,lr=0.00098467,max_seq_length=32"}
{"loss": 1.609437108039856, "acc": 0.1993589699268341, "time_this_iter_s": 84.5440890789032, "done": false, "timesteps_total": null, "episodes_total": null, "training_iteration": 3, "experiment_id": "2a0ee05695204ed09b6bab798cf15f82", "date": "2020-12-13_07-01-32", "timestamp": 1607860892, "time_total_s": 283.34505462646484, "pid": 871049, "hostname": "archdesktop", "node_ip": "192.168.0.191", "config": {"lr": 0.0009846738873614575, "max_seq_length": 32, "hidden_dropout_prob": 0.1, "hidden_act": "relu"}, "time_since_restore": 283.34505462646484, "timesteps_since_restore": 0, "iterations_since_restore": 3, "trial_id": "4873e_00003", "experiment_tag": "3_hidden_act=relu,hidden_dropout_prob=0.1,lr=0.00098467,max_seq_length=32"}
