{"loss": 1.1512802839279175, "acc": 0.5330128073692322, "time_this_iter_s": 481.35938453674316, "done": false, "timesteps_total": null, "episodes_total": null, "training_iteration": 1, "experiment_id": "182236c92f1245628b794d896bcf7cf1", "date": "2020-12-14_00-25-52", "timestamp": 1607905552, "time_total_s": 481.35938453674316, "pid": 1338, "hostname": "558a83bc69cd", "node_ip": "172.28.0.2", "config": {"lr": 7.969454818643945e-05, "batch_size": 32, "max_seq_length": 60, "hidden_dropout_prob": 0.1, "hidden_act": "gelu", "architecture": {"tokenizer": "<class 'transformers.tokenization_bert.BertTokenizer'>", "model": "<class 'transformers.modeling_bert.BertForMultipleChoice'>", "pretrained_model_name": "bert-base-uncased"}}, "time_since_restore": 481.35938453674316, "timesteps_since_restore": 0, "iterations_since_restore": 1, "trial_id": "91eca_00001", "experiment_tag": "1_batch_size=32,hidden_act=gelu,hidden_dropout_prob=0.1,lr=7.9695e-05,max_seq_length=60"}
{"loss": 1.6114131212234497, "acc": 0.5102564096450806, "time_this_iter_s": 446.37039518356323, "done": false, "timesteps_total": null, "episodes_total": null, "training_iteration": 2, "experiment_id": "182236c92f1245628b794d896bcf7cf1", "date": "2020-12-14_00-33-18", "timestamp": 1607905998, "time_total_s": 927.7297797203064, "pid": 1338, "hostname": "558a83bc69cd", "node_ip": "172.28.0.2", "config": {"lr": 7.969454818643945e-05, "batch_size": 32, "max_seq_length": 60, "hidden_dropout_prob": 0.1, "hidden_act": "gelu", "architecture": {"tokenizer": "<class 'transformers.tokenization_bert.BertTokenizer'>", "model": "<class 'transformers.modeling_bert.BertForMultipleChoice'>", "pretrained_model_name": "bert-base-uncased"}}, "time_since_restore": 927.7297797203064, "timesteps_since_restore": 0, "iterations_since_restore": 2, "trial_id": "91eca_00001", "experiment_tag": "1_batch_size=32,hidden_act=gelu,hidden_dropout_prob=0.1,lr=7.9695e-05,max_seq_length=60"}
{"loss": 1.8666852712631226, "acc": 0.500160276889801, "time_this_iter_s": 433.4945878982544, "done": false, "timesteps_total": null, "episodes_total": null, "training_iteration": 3, "experiment_id": "182236c92f1245628b794d896bcf7cf1", "date": "2020-12-14_00-40-31", "timestamp": 1607906431, "time_total_s": 1361.2243676185608, "pid": 1338, "hostname": "558a83bc69cd", "node_ip": "172.28.0.2", "config": {"lr": 7.969454818643945e-05, "batch_size": 32, "max_seq_length": 60, "hidden_dropout_prob": 0.1, "hidden_act": "gelu", "architecture": {"tokenizer": "<class 'transformers.tokenization_bert.BertTokenizer'>", "model": "<class 'transformers.modeling_bert.BertForMultipleChoice'>", "pretrained_model_name": "bert-base-uncased"}}, "time_since_restore": 1361.2243676185608, "timesteps_since_restore": 0, "iterations_since_restore": 3, "trial_id": "91eca_00001", "experiment_tag": "1_batch_size=32,hidden_act=gelu,hidden_dropout_prob=0.1,lr=7.9695e-05,max_seq_length=60"}
