{"loss": 1.2694865465164185, "acc": 0.48990386724472046, "time_this_iter_s": 477.62597370147705, "done": false, "timesteps_total": null, "episodes_total": null, "training_iteration": 1, "experiment_id": "132f41a19dd34813bbbb94d99837897b", "date": "2020-12-14_00-02-43", "timestamp": 1607904163, "time_total_s": 477.62597370147705, "pid": 1339, "hostname": "558a83bc69cd", "node_ip": "172.28.0.2", "config": {"lr": 5.61151641533451e-06, "batch_size": 32, "max_seq_length": 60, "hidden_dropout_prob": 0.1, "hidden_act": "gelu", "architecture": {"tokenizer": "<class 'transformers.tokenization_bert.BertTokenizer'>", "model": "<class 'transformers.modeling_bert.BertForMultipleChoice'>", "pretrained_model_name": "bert-base-uncased"}}, "time_since_restore": 477.62597370147705, "timesteps_since_restore": 0, "iterations_since_restore": 1, "trial_id": "91eca_00000", "experiment_tag": "0_batch_size=32,hidden_act=gelu,hidden_dropout_prob=0.1,lr=5.6115e-06,max_seq_length=60"}
{"loss": 1.179593801498413, "acc": 0.5254807472229004, "time_this_iter_s": 444.7288010120392, "done": false, "timesteps_total": null, "episodes_total": null, "training_iteration": 2, "experiment_id": "132f41a19dd34813bbbb94d99837897b", "date": "2020-12-14_00-10-08", "timestamp": 1607904608, "time_total_s": 922.3547747135162, "pid": 1339, "hostname": "558a83bc69cd", "node_ip": "172.28.0.2", "config": {"lr": 5.61151641533451e-06, "batch_size": 32, "max_seq_length": 60, "hidden_dropout_prob": 0.1, "hidden_act": "gelu", "architecture": {"tokenizer": "<class 'transformers.tokenization_bert.BertTokenizer'>", "model": "<class 'transformers.modeling_bert.BertForMultipleChoice'>", "pretrained_model_name": "bert-base-uncased"}}, "time_since_restore": 922.3547747135162, "timesteps_since_restore": 0, "iterations_since_restore": 2, "trial_id": "91eca_00000", "experiment_tag": "0_batch_size=32,hidden_act=gelu,hidden_dropout_prob=0.1,lr=5.6115e-06,max_seq_length=60"}
{"loss": 1.1678235530853271, "acc": 0.5447115302085876, "time_this_iter_s": 444.9445972442627, "done": false, "timesteps_total": null, "episodes_total": null, "training_iteration": 3, "experiment_id": "132f41a19dd34813bbbb94d99837897b", "date": "2020-12-14_00-17-33", "timestamp": 1607905053, "time_total_s": 1367.299371957779, "pid": 1339, "hostname": "558a83bc69cd", "node_ip": "172.28.0.2", "config": {"lr": 5.61151641533451e-06, "batch_size": 32, "max_seq_length": 60, "hidden_dropout_prob": 0.1, "hidden_act": "gelu", "architecture": {"tokenizer": "<class 'transformers.tokenization_bert.BertTokenizer'>", "model": "<class 'transformers.modeling_bert.BertForMultipleChoice'>", "pretrained_model_name": "bert-base-uncased"}}, "time_since_restore": 1367.299371957779, "timesteps_since_restore": 0, "iterations_since_restore": 3, "trial_id": "91eca_00000", "experiment_tag": "0_batch_size=32,hidden_act=gelu,hidden_dropout_prob=0.1,lr=5.6115e-06,max_seq_length=60"}
