{"loss": 1.609437108039856, "acc": 0.20016026496887207, "time_this_iter_s": 74.38921308517456, "done": false, "timesteps_total": null, "episodes_total": null, "training_iteration": 1, "experiment_id": "b8f5b3c24fc74578aa704e37b2cde200", "date": "2020-12-13_06-50-23", "timestamp": 1607860223, "time_total_s": 74.38921308517456, "pid": 871067, "hostname": "archdesktop", "node_ip": "192.168.0.191", "config": {"lr": 0.056698495114788576, "max_seq_length": 16, "hidden_dropout_prob": 0.5, "hidden_act": "relu"}, "time_since_restore": 74.38921308517456, "timesteps_since_restore": 0, "iterations_since_restore": 1, "trial_id": "4873e_00001", "experiment_tag": "1_hidden_act=relu,hidden_dropout_prob=0.5,lr=0.056698,max_seq_length=16"}
{"loss": 1.609437108039856, "acc": 0.20016026496887207, "time_this_iter_s": 50.07324171066284, "done": false, "timesteps_total": null, "episodes_total": null, "training_iteration": 2, "experiment_id": "b8f5b3c24fc74578aa704e37b2cde200", "date": "2020-12-13_06-51-13", "timestamp": 1607860273, "time_total_s": 124.4624547958374, "pid": 871067, "hostname": "archdesktop", "node_ip": "192.168.0.191", "config": {"lr": 0.056698495114788576, "max_seq_length": 16, "hidden_dropout_prob": 0.5, "hidden_act": "relu"}, "time_since_restore": 124.4624547958374, "timesteps_since_restore": 0, "iterations_since_restore": 2, "trial_id": "4873e_00001", "experiment_tag": "1_hidden_act=relu,hidden_dropout_prob=0.5,lr=0.056698,max_seq_length=16"}
{"loss": 1.609437108039856, "acc": 0.20016026496887207, "time_this_iter_s": 48.4083137512207, "done": false, "timesteps_total": null, "episodes_total": null, "training_iteration": 3, "experiment_id": "b8f5b3c24fc74578aa704e37b2cde200", "date": "2020-12-13_06-52-01", "timestamp": 1607860321, "time_total_s": 172.8707685470581, "pid": 871067, "hostname": "archdesktop", "node_ip": "192.168.0.191", "config": {"lr": 0.056698495114788576, "max_seq_length": 16, "hidden_dropout_prob": 0.5, "hidden_act": "relu"}, "time_since_restore": 172.8707685470581, "timesteps_since_restore": 0, "iterations_since_restore": 3, "trial_id": "4873e_00001", "experiment_tag": "1_hidden_act=relu,hidden_dropout_prob=0.5,lr=0.056698,max_seq_length=16"}
