{"loss": 1.108825922012329, "acc": 0.5666666626930237, "time_this_iter_s": 394.19236636161804, "done": false, "timesteps_total": null, "episodes_total": null, "training_iteration": 1, "experiment_id": "ab718589d8ec4336af04a5887ef8f258", "date": "2020-12-14_00-47-12", "timestamp": 1607906832, "time_total_s": 394.19236636161804, "pid": 1996, "hostname": "558a83bc69cd", "node_ip": "172.28.0.2", "config": {"lr": 2.910635913133073e-05, "batch_size": 32, "max_seq_length": 48, "hidden_dropout_prob": 0.1, "hidden_act": "gelu", "architecture": {"tokenizer": "<class 'transformers.tokenization_bert.BertTokenizer'>", "model": "<class 'transformers.modeling_bert.BertForMultipleChoice'>", "pretrained_model_name": "bert-base-uncased"}}, "time_since_restore": 394.19236636161804, "timesteps_since_restore": 0, "iterations_since_restore": 1, "trial_id": "91eca_00002", "experiment_tag": "2_batch_size=32,hidden_act=gelu,hidden_dropout_prob=0.1,lr=2.9106e-05,max_seq_length=48"}
{"loss": 1.2185522317886353, "acc": 0.5639423131942749, "time_this_iter_s": 360.9560980796814, "done": false, "timesteps_total": null, "episodes_total": null, "training_iteration": 2, "experiment_id": "ab718589d8ec4336af04a5887ef8f258", "date": "2020-12-14_00-53-13", "timestamp": 1607907193, "time_total_s": 755.1484644412994, "pid": 1996, "hostname": "558a83bc69cd", "node_ip": "172.28.0.2", "config": {"lr": 2.910635913133073e-05, "batch_size": 32, "max_seq_length": 48, "hidden_dropout_prob": 0.1, "hidden_act": "gelu", "architecture": {"tokenizer": "<class 'transformers.tokenization_bert.BertTokenizer'>", "model": "<class 'transformers.modeling_bert.BertForMultipleChoice'>", "pretrained_model_name": "bert-base-uncased"}}, "time_since_restore": 755.1484644412994, "timesteps_since_restore": 0, "iterations_since_restore": 2, "trial_id": "91eca_00002", "experiment_tag": "2_batch_size=32,hidden_act=gelu,hidden_dropout_prob=0.1,lr=2.9106e-05,max_seq_length=48"}
{"loss": 1.614558458328247, "acc": 0.5522435903549194, "time_this_iter_s": 360.8030652999878, "done": false, "timesteps_total": null, "episodes_total": null, "training_iteration": 3, "experiment_id": "ab718589d8ec4336af04a5887ef8f258", "date": "2020-12-14_00-59-14", "timestamp": 1607907554, "time_total_s": 1115.9515297412872, "pid": 1996, "hostname": "558a83bc69cd", "node_ip": "172.28.0.2", "config": {"lr": 2.910635913133073e-05, "batch_size": 32, "max_seq_length": 48, "hidden_dropout_prob": 0.1, "hidden_act": "gelu", "architecture": {"tokenizer": "<class 'transformers.tokenization_bert.BertTokenizer'>", "model": "<class 'transformers.modeling_bert.BertForMultipleChoice'>", "pretrained_model_name": "bert-base-uncased"}}, "time_since_restore": 1115.9515297412872, "timesteps_since_restore": 0, "iterations_since_restore": 3, "trial_id": "91eca_00002", "experiment_tag": "2_batch_size=32,hidden_act=gelu,hidden_dropout_prob=0.1,lr=2.9106e-05,max_seq_length=48"}
