{"loss": 1.6104618310928345, "acc": 0.16826923191547394, "time_this_iter_s": 147.68938446044922, "done": false, "timesteps_total": null, "episodes_total": null, "training_iteration": 1, "experiment_id": "1adc769b5f0e4a0fa1003738638e84d6", "date": "2020-12-13_13-34-03", "timestamp": 1607866443, "time_total_s": 147.68938446044922, "pid": 2226, "hostname": "fa14b89d8e82", "node_ip": "172.28.0.2", "config": {"lr": 6.025215736203871e-06, "max_seq_length": 32, "hidden_dropout_prob": 0.5, "hidden_act": "relu", "architecture": {"tokenizer": "<class 'transformers.tokenization_albert.AlbertTokenizer'>", "model": "<class 'transformers.modeling_albert.AlbertForMultipleChoice'>", "pretrained_model_name": "albert-base-v2"}}, "time_since_restore": 147.68938446044922, "timesteps_since_restore": 0, "iterations_since_restore": 1, "trial_id": "bd9b2_00005", "experiment_tag": "5_hidden_act=relu,hidden_dropout_prob=0.5,lr=6.0252e-06,max_seq_length=32"}
{"loss": 1.6106338500976562, "acc": 0.15705128014087677, "time_this_iter_s": 129.62408900260925, "done": false, "timesteps_total": null, "episodes_total": null, "training_iteration": 2, "experiment_id": "1adc769b5f0e4a0fa1003738638e84d6", "date": "2020-12-13_13-36-12", "timestamp": 1607866572, "time_total_s": 277.3134734630585, "pid": 2226, "hostname": "fa14b89d8e82", "node_ip": "172.28.0.2", "config": {"lr": 6.025215736203871e-06, "max_seq_length": 32, "hidden_dropout_prob": 0.5, "hidden_act": "relu", "architecture": {"tokenizer": "<class 'transformers.tokenization_albert.AlbertTokenizer'>", "model": "<class 'transformers.modeling_albert.AlbertForMultipleChoice'>", "pretrained_model_name": "albert-base-v2"}}, "time_since_restore": 277.3134734630585, "timesteps_since_restore": 0, "iterations_since_restore": 2, "trial_id": "bd9b2_00005", "experiment_tag": "5_hidden_act=relu,hidden_dropout_prob=0.5,lr=6.0252e-06,max_seq_length=32"}
{"loss": 1.6102315187454224, "acc": 0.1850961595773697, "time_this_iter_s": 129.65867400169373, "done": false, "timesteps_total": null, "episodes_total": null, "training_iteration": 3, "experiment_id": "1adc769b5f0e4a0fa1003738638e84d6", "date": "2020-12-13_13-38-22", "timestamp": 1607866702, "time_total_s": 406.9721474647522, "pid": 2226, "hostname": "fa14b89d8e82", "node_ip": "172.28.0.2", "config": {"lr": 6.025215736203871e-06, "max_seq_length": 32, "hidden_dropout_prob": 0.5, "hidden_act": "relu", "architecture": {"tokenizer": "<class 'transformers.tokenization_albert.AlbertTokenizer'>", "model": "<class 'transformers.modeling_albert.AlbertForMultipleChoice'>", "pretrained_model_name": "albert-base-v2"}}, "time_since_restore": 406.9721474647522, "timesteps_since_restore": 0, "iterations_since_restore": 3, "trial_id": "bd9b2_00005", "experiment_tag": "5_hidden_act=relu,hidden_dropout_prob=0.5,lr=6.0252e-06,max_seq_length=32"}
