{"loss": 1.130326509475708, "acc": 0.5506410598754883, "time_this_iter_s": 394.4953348636627, "done": false, "timesteps_total": null, "episodes_total": null, "training_iteration": 1, "experiment_id": "2f65610494ce4fbab0d37dc9b5d91d92", "date": "2020-12-14_01-05-55", "timestamp": 1607907955, "time_total_s": 394.4953348636627, "pid": 2277, "hostname": "558a83bc69cd", "node_ip": "172.28.0.2", "config": {"lr": 1.5751320499779757e-05, "batch_size": 32, "max_seq_length": 48, "hidden_dropout_prob": 0.1, "hidden_act": "gelu", "architecture": {"tokenizer": "<class 'transformers.tokenization_bert.BertTokenizer'>", "model": "<class 'transformers.modeling_bert.BertForMultipleChoice'>", "pretrained_model_name": "bert-base-uncased"}}, "time_since_restore": 394.4953348636627, "timesteps_since_restore": 0, "iterations_since_restore": 1, "trial_id": "91eca_00003", "experiment_tag": "3_batch_size=32,hidden_act=gelu,hidden_dropout_prob=0.1,lr=1.5751e-05,max_seq_length=48"}
{"loss": 1.1385736465454102, "acc": 0.5698717832565308, "time_this_iter_s": 361.7844326496124, "done": false, "timesteps_total": null, "episodes_total": null, "training_iteration": 2, "experiment_id": "2f65610494ce4fbab0d37dc9b5d91d92", "date": "2020-12-14_01-11-57", "timestamp": 1607908317, "time_total_s": 756.2797675132751, "pid": 2277, "hostname": "558a83bc69cd", "node_ip": "172.28.0.2", "config": {"lr": 1.5751320499779757e-05, "batch_size": 32, "max_seq_length": 48, "hidden_dropout_prob": 0.1, "hidden_act": "gelu", "architecture": {"tokenizer": "<class 'transformers.tokenization_bert.BertTokenizer'>", "model": "<class 'transformers.modeling_bert.BertForMultipleChoice'>", "pretrained_model_name": "bert-base-uncased"}}, "time_since_restore": 756.2797675132751, "timesteps_since_restore": 0, "iterations_since_restore": 2, "trial_id": "91eca_00003", "experiment_tag": "3_batch_size=32,hidden_act=gelu,hidden_dropout_prob=0.1,lr=1.5751e-05,max_seq_length=48"}
{"loss": 1.2747434377670288, "acc": 0.5766025185585022, "time_this_iter_s": 360.8830418586731, "done": false, "timesteps_total": null, "episodes_total": null, "training_iteration": 3, "experiment_id": "2f65610494ce4fbab0d37dc9b5d91d92", "date": "2020-12-14_01-17-58", "timestamp": 1607908678, "time_total_s": 1117.1628093719482, "pid": 2277, "hostname": "558a83bc69cd", "node_ip": "172.28.0.2", "config": {"lr": 1.5751320499779757e-05, "batch_size": 32, "max_seq_length": 48, "hidden_dropout_prob": 0.1, "hidden_act": "gelu", "architecture": {"tokenizer": "<class 'transformers.tokenization_bert.BertTokenizer'>", "model": "<class 'transformers.modeling_bert.BertForMultipleChoice'>", "pretrained_model_name": "bert-base-uncased"}}, "time_since_restore": 1117.1628093719482, "timesteps_since_restore": 0, "iterations_since_restore": 3, "trial_id": "91eca_00003", "experiment_tag": "3_batch_size=32,hidden_act=gelu,hidden_dropout_prob=0.1,lr=1.5751e-05,max_seq_length=48"}
