{"loss": 1.6086481809616089, "acc": 0.2730769217014313, "time_this_iter_s": 110.48736906051636, "done": false, "timesteps_total": null, "episodes_total": null, "training_iteration": 1, "experiment_id": "0ad515d1678b452e8b42a34b31d8dec0", "date": "2020-12-13_07-08-09", "timestamp": 1607861289, "time_total_s": 110.48736906051636, "pid": 871047, "hostname": "archdesktop", "node_ip": "192.168.0.191", "config": {"lr": 6.025215736203871e-06, "max_seq_length": 32, "hidden_dropout_prob": 0.5, "hidden_act": "relu"}, "time_since_restore": 110.48736906051636, "timesteps_since_restore": 0, "iterations_since_restore": 1, "trial_id": "4873e_00005", "experiment_tag": "5_hidden_act=relu,hidden_dropout_prob=0.5,lr=6.0252e-06,max_seq_length=32"}
{"loss": 1.6080234050750732, "acc": 0.2703525722026825, "time_this_iter_s": 86.19892406463623, "done": false, "timesteps_total": null, "episodes_total": null, "training_iteration": 2, "experiment_id": "0ad515d1678b452e8b42a34b31d8dec0", "date": "2020-12-13_07-09-36", "timestamp": 1607861376, "time_total_s": 196.6862931251526, "pid": 871047, "hostname": "archdesktop", "node_ip": "192.168.0.191", "config": {"lr": 6.025215736203871e-06, "max_seq_length": 32, "hidden_dropout_prob": 0.5, "hidden_act": "relu"}, "time_since_restore": 196.6862931251526, "timesteps_since_restore": 0, "iterations_since_restore": 2, "trial_id": "4873e_00005", "experiment_tag": "5_hidden_act=relu,hidden_dropout_prob=0.5,lr=6.0252e-06,max_seq_length=32"}
{"loss": 1.608123540878296, "acc": 0.2883012592792511, "time_this_iter_s": 87.93911027908325, "done": false, "timesteps_total": null, "episodes_total": null, "training_iteration": 3, "experiment_id": "0ad515d1678b452e8b42a34b31d8dec0", "date": "2020-12-13_07-11-03", "timestamp": 1607861463, "time_total_s": 284.62540340423584, "pid": 871047, "hostname": "archdesktop", "node_ip": "192.168.0.191", "config": {"lr": 6.025215736203871e-06, "max_seq_length": 32, "hidden_dropout_prob": 0.5, "hidden_act": "relu"}, "time_since_restore": 284.62540340423584, "timesteps_since_restore": 0, "iterations_since_restore": 3, "trial_id": "4873e_00005", "experiment_tag": "5_hidden_act=relu,hidden_dropout_prob=0.5,lr=6.0252e-06,max_seq_length=32"}
