{"loss": 1.1342415809631348, "acc": 0.5301281809806824, "time_this_iter_s": 147.34065437316895, "done": false, "timesteps_total": null, "episodes_total": null, "training_iteration": 1, "experiment_id": "8458ad6ae52a4d3f95cbc955a1f235c4", "date": "2020-12-13_06-44-59", "timestamp": 1607859899, "time_total_s": 147.34065437316895, "pid": 871072, "hostname": "archdesktop", "node_ip": "192.168.0.191", "config": {"lr": 7.45934328572655e-05, "max_seq_length": 48, "hidden_dropout_prob": 0.1, "hidden_act": "gelu"}, "time_since_restore": 147.34065437316895, "timesteps_since_restore": 0, "iterations_since_restore": 1, "trial_id": "4873e_00000", "experiment_tag": "0_hidden_act=gelu,hidden_dropout_prob=0.1,lr=7.4593e-05,max_seq_length=48"}
{"loss": 1.5263690948486328, "acc": 0.5057692527770996, "time_this_iter_s": 124.39964270591736, "done": false, "timesteps_total": null, "episodes_total": null, "training_iteration": 2, "experiment_id": "8458ad6ae52a4d3f95cbc955a1f235c4", "date": "2020-12-13_06-47-04", "timestamp": 1607860024, "time_total_s": 271.7402970790863, "pid": 871072, "hostname": "archdesktop", "node_ip": "192.168.0.191", "config": {"lr": 7.45934328572655e-05, "max_seq_length": 48, "hidden_dropout_prob": 0.1, "hidden_act": "gelu"}, "time_since_restore": 271.7402970790863, "timesteps_since_restore": 0, "iterations_since_restore": 2, "trial_id": "4873e_00000", "experiment_tag": "0_hidden_act=gelu,hidden_dropout_prob=0.1,lr=7.4593e-05,max_seq_length=48"}
{"loss": 2.0032999515533447, "acc": 0.49166664481163025, "time_this_iter_s": 122.57130122184753, "done": false, "timesteps_total": null, "episodes_total": null, "training_iteration": 3, "experiment_id": "8458ad6ae52a4d3f95cbc955a1f235c4", "date": "2020-12-13_06-49-06", "timestamp": 1607860146, "time_total_s": 394.31159830093384, "pid": 871072, "hostname": "archdesktop", "node_ip": "192.168.0.191", "config": {"lr": 7.45934328572655e-05, "max_seq_length": 48, "hidden_dropout_prob": 0.1, "hidden_act": "gelu"}, "time_since_restore": 394.31159830093384, "timesteps_since_restore": 0, "iterations_since_restore": 3, "trial_id": "4873e_00000", "experiment_tag": "0_hidden_act=gelu,hidden_dropout_prob=0.1,lr=7.4593e-05,max_seq_length=48"}
