{"loss": 1.4049913883209229, "acc": 0.4258013069629669, "time_this_iter_s": 485.2192289829254, "done": false, "timesteps_total": null, "episodes_total": null, "training_iteration": 1, "experiment_id": "09e436bb2a6f4b1d9ebb43baaadf762f", "date": "2020-12-14_01-49-36", "timestamp": 1607910576, "time_total_s": 485.2192289829254, "pid": 2942, "hostname": "558a83bc69cd", "node_ip": "172.28.0.2", "config": {"lr": 2.051110418843402e-06, "batch_size": 32, "max_seq_length": 60, "hidden_dropout_prob": 0.1, "hidden_act": "gelu", "architecture": {"tokenizer": "<class 'transformers.tokenization_bert.BertTokenizer'>", "model": "<class 'transformers.modeling_bert.BertForMultipleChoice'>", "pretrained_model_name": "bert-base-uncased"}}, "time_since_restore": 485.2192289829254, "timesteps_since_restore": 0, "iterations_since_restore": 1, "trial_id": "91eca_00005", "experiment_tag": "5_batch_size=32,hidden_act=gelu,hidden_dropout_prob=0.1,lr=2.0511e-06,max_seq_length=60"}
{"loss": 1.319732427597046, "acc": 0.47852563858032227, "time_this_iter_s": 446.2266061306, "done": false, "timesteps_total": null, "episodes_total": null, "training_iteration": 2, "experiment_id": "09e436bb2a6f4b1d9ebb43baaadf762f", "date": "2020-12-14_01-57-02", "timestamp": 1607911022, "time_total_s": 931.4458351135254, "pid": 2942, "hostname": "558a83bc69cd", "node_ip": "172.28.0.2", "config": {"lr": 2.051110418843402e-06, "batch_size": 32, "max_seq_length": 60, "hidden_dropout_prob": 0.1, "hidden_act": "gelu", "architecture": {"tokenizer": "<class 'transformers.tokenization_bert.BertTokenizer'>", "model": "<class 'transformers.modeling_bert.BertForMultipleChoice'>", "pretrained_model_name": "bert-base-uncased"}}, "time_since_restore": 931.4458351135254, "timesteps_since_restore": 0, "iterations_since_restore": 2, "trial_id": "91eca_00005", "experiment_tag": "5_batch_size=32,hidden_act=gelu,hidden_dropout_prob=0.1,lr=2.0511e-06,max_seq_length=60"}
{"loss": 1.2581549882888794, "acc": 0.4977564215660095, "time_this_iter_s": 444.74729585647583, "done": false, "timesteps_total": null, "episodes_total": null, "training_iteration": 3, "experiment_id": "09e436bb2a6f4b1d9ebb43baaadf762f", "date": "2020-12-14_02-04-27", "timestamp": 1607911467, "time_total_s": 1376.1931309700012, "pid": 2942, "hostname": "558a83bc69cd", "node_ip": "172.28.0.2", "config": {"lr": 2.051110418843402e-06, "batch_size": 32, "max_seq_length": 60, "hidden_dropout_prob": 0.1, "hidden_act": "gelu", "architecture": {"tokenizer": "<class 'transformers.tokenization_bert.BertTokenizer'>", "model": "<class 'transformers.modeling_bert.BertForMultipleChoice'>", "pretrained_model_name": "bert-base-uncased"}}, "time_since_restore": 1376.1931309700012, "timesteps_since_restore": 0, "iterations_since_restore": 3, "trial_id": "91eca_00005", "experiment_tag": "5_batch_size=32,hidden_act=gelu,hidden_dropout_prob=0.1,lr=2.0511e-06,max_seq_length=60"}
