{"loss": 1.609437108039856, "acc": 0.20016026496887207, "time_this_iter_s": 146.5008647441864, "done": false, "timesteps_total": null, "episodes_total": null, "training_iteration": 1, "experiment_id": "37fa9e6d379b45b98e986c1947384ee9", "date": "2020-12-13_13-13-35", "timestamp": 1607865215, "time_total_s": 146.5008647441864, "pid": 1262, "hostname": "fa14b89d8e82", "node_ip": "172.28.0.2", "config": {"lr": 0.004570563099801456, "max_seq_length": 32, "hidden_dropout_prob": 0.1, "hidden_act": "relu", "architecture": {"tokenizer": "<class 'transformers.tokenization_albert.AlbertTokenizer'>", "model": "<class 'transformers.modeling_albert.AlbertForMultipleChoice'>", "pretrained_model_name": "albert-base-v2"}}, "time_since_restore": 146.5008647441864, "timesteps_since_restore": 0, "iterations_since_restore": 1, "trial_id": "bd9b2_00002", "experiment_tag": "2_hidden_act=relu,hidden_dropout_prob=0.1,lr=0.0045706,max_seq_length=32"}
{"loss": 1.609437108039856, "acc": 0.20016026496887207, "time_this_iter_s": 129.2529067993164, "done": false, "timesteps_total": null, "episodes_total": null, "training_iteration": 2, "experiment_id": "37fa9e6d379b45b98e986c1947384ee9", "date": "2020-12-13_13-15-44", "timestamp": 1607865344, "time_total_s": 275.7537715435028, "pid": 1262, "hostname": "fa14b89d8e82", "node_ip": "172.28.0.2", "config": {"lr": 0.004570563099801456, "max_seq_length": 32, "hidden_dropout_prob": 0.1, "hidden_act": "relu", "architecture": {"tokenizer": "<class 'transformers.tokenization_albert.AlbertTokenizer'>", "model": "<class 'transformers.modeling_albert.AlbertForMultipleChoice'>", "pretrained_model_name": "albert-base-v2"}}, "time_since_restore": 275.7537715435028, "timesteps_since_restore": 0, "iterations_since_restore": 2, "trial_id": "bd9b2_00002", "experiment_tag": "2_hidden_act=relu,hidden_dropout_prob=0.1,lr=0.0045706,max_seq_length=32"}
{"loss": 1.609437108039856, "acc": 0.20016026496887207, "time_this_iter_s": 128.31144881248474, "done": false, "timesteps_total": null, "episodes_total": null, "training_iteration": 3, "experiment_id": "37fa9e6d379b45b98e986c1947384ee9", "date": "2020-12-13_13-17-52", "timestamp": 1607865472, "time_total_s": 404.06522035598755, "pid": 1262, "hostname": "fa14b89d8e82", "node_ip": "172.28.0.2", "config": {"lr": 0.004570563099801456, "max_seq_length": 32, "hidden_dropout_prob": 0.1, "hidden_act": "relu", "architecture": {"tokenizer": "<class 'transformers.tokenization_albert.AlbertTokenizer'>", "model": "<class 'transformers.modeling_albert.AlbertForMultipleChoice'>", "pretrained_model_name": "albert-base-v2"}}, "time_since_restore": 404.06522035598755, "timesteps_since_restore": 0, "iterations_since_restore": 3, "trial_id": "bd9b2_00002", "experiment_tag": "2_hidden_act=relu,hidden_dropout_prob=0.1,lr=0.0045706,max_seq_length=32"}
