{"loss": 1.609437108039856, "acc": 0.20016026496887207, "time_this_iter_s": 147.20828795433044, "done": false, "timesteps_total": null, "episodes_total": null, "training_iteration": 1, "experiment_id": "52095965559b4bdab6256a0189bb81fe", "date": "2020-12-13_13-20-23", "timestamp": 1607865623, "time_total_s": 147.20828795433044, "pid": 1606, "hostname": "fa14b89d8e82", "node_ip": "172.28.0.2", "config": {"lr": 0.0009846738873614575, "max_seq_length": 32, "hidden_dropout_prob": 0.1, "hidden_act": "relu", "architecture": {"tokenizer": "<class 'transformers.tokenization_albert.AlbertTokenizer'>", "model": "<class 'transformers.modeling_albert.AlbertForMultipleChoice'>", "pretrained_model_name": "albert-base-v2"}}, "time_since_restore": 147.20828795433044, "timesteps_since_restore": 0, "iterations_since_restore": 1, "trial_id": "bd9b2_00003", "experiment_tag": "3_hidden_act=relu,hidden_dropout_prob=0.1,lr=0.00098467,max_seq_length=32"}
{"loss": 1.609437108039856, "acc": 0.20416666567325592, "time_this_iter_s": 129.30301976203918, "done": false, "timesteps_total": null, "episodes_total": null, "training_iteration": 2, "experiment_id": "52095965559b4bdab6256a0189bb81fe", "date": "2020-12-13_13-22-32", "timestamp": 1607865752, "time_total_s": 276.51130771636963, "pid": 1606, "hostname": "fa14b89d8e82", "node_ip": "172.28.0.2", "config": {"lr": 0.0009846738873614575, "max_seq_length": 32, "hidden_dropout_prob": 0.1, "hidden_act": "relu", "architecture": {"tokenizer": "<class 'transformers.tokenization_albert.AlbertTokenizer'>", "model": "<class 'transformers.modeling_albert.AlbertForMultipleChoice'>", "pretrained_model_name": "albert-base-v2"}}, "time_since_restore": 276.51130771636963, "timesteps_since_restore": 0, "iterations_since_restore": 2, "trial_id": "bd9b2_00003", "experiment_tag": "3_hidden_act=relu,hidden_dropout_prob=0.1,lr=0.00098467,max_seq_length=32"}
{"loss": 1.609437108039856, "acc": 0.20016026496887207, "time_this_iter_s": 128.53601598739624, "done": false, "timesteps_total": null, "episodes_total": null, "training_iteration": 3, "experiment_id": "52095965559b4bdab6256a0189bb81fe", "date": "2020-12-13_13-24-41", "timestamp": 1607865881, "time_total_s": 405.04732370376587, "pid": 1606, "hostname": "fa14b89d8e82", "node_ip": "172.28.0.2", "config": {"lr": 0.0009846738873614575, "max_seq_length": 32, "hidden_dropout_prob": 0.1, "hidden_act": "relu", "architecture": {"tokenizer": "<class 'transformers.tokenization_albert.AlbertTokenizer'>", "model": "<class 'transformers.modeling_albert.AlbertForMultipleChoice'>", "pretrained_model_name": "albert-base-v2"}}, "time_since_restore": 405.04732370376587, "timesteps_since_restore": 0, "iterations_since_restore": 3, "trial_id": "bd9b2_00003", "experiment_tag": "3_hidden_act=relu,hidden_dropout_prob=0.1,lr=0.00098467,max_seq_length=32"}
